VideoName,AvgE,Avgh,AvgL,avgU,energyU,avgV,energyV,Train
AncientThought_s000,4.858333333333333,3.4905188333333337,77.45,122.425,7.491666666666666,130.425,4.7,1
AncientThought_s001,4.491666666666666,2.012992250000001,60.66666666666666,126.05,5.775,129.00833333333333,4.358333333333333,1
AncientThought_s002,11.6,2.76834575,63.25833333333333,125.55833333333334,6.341666666666667,128.91666666666666,4.341666666666667,1
AncientThought_s003,25.625,3.3056528333333324,70.23333333333333,124.40833333333332,8.366666666666667,129.0,5.716666666666667,1
AncientThought_s004,12.966666666666669,3.0876413333333343,61.66666666666666,125.81666666666666,4.858333333333333,128.14166666666668,3.158333333333333,1
AncientThought_s005,4.608333333333333,3.881831333333332,54.18333333333333,126.50833333333334,3.275,127.54166666666669,2.1416666666666666,1
AncientThought_s006,6.0,3.9819215,58.65833333333333,125.71666666666668,3.966666666666667,128.0,3.0,1
AncientThought_s007,5.783333333333333,3.126714249999999,58.59166666666667,125.89166666666668,4.0,128.05,2.925,1
AncientThought_s008,6.175,3.121427416666667,69.74166666666666,123.18333333333334,4.416666666666667,132.19166666666666,3.4916666666666667,0
AncientThought_s009,9.425,4.073396499999999,70.90833333333333,125.35,15.883333333333333,129.90833333333333,8.783333333333333,0
AncientThought_s010,6.875,5.86694341666667,64.50833333333334,125.30833333333334,8.0,128.925,5.491666666666666,1
AncientThought_s011,4.758333333333334,5.030972166666663,60.28333333333333,124.51666666666668,5.058333333333334,129.56666666666666,3.533333333333333,0
AncientThought_s012,6.65,4.044522416666667,61.29166666666666,124.59166666666668,4.816666666666666,129.40833333333333,3.4166666666666665,0
AncientThought_s013,6.983333333333333,4.42315775,97.91666666666669,119.69166666666666,3.341666666666667,132.56666666666666,3.0166666666666666,0
AncientThought_s014,5.991666666666666,5.3392512499999984,85.425,121.98333333333332,3.35,131.15,2.966666666666667,1
AncientThought_s015,6.241666666666666,6.186438583333333,67.16666666666667,124.3,4.033333333333333,129.65,3.375,0
AncientThought_s016,7.091666666666667,5.255773166666668,68.09166666666667,123.93333333333334,4.166666666666667,129.89166666666668,3.325,1
AncientThought_s017,7.033333333333333,5.092011416666669,67.21666666666667,124.65,3.9166666666666665,129.29166666666666,3.225,1
AncientThought_s018,8.025,4.805056500000001,77.51666666666667,123.08333333333331,5.216666666666667,130.275,4.975,1
AncientThought_s019,6.216666666666667,4.421289666666668,61.05833333333333,125.6,4.316666666666666,128.45,3.091666666666667,1
AncientThought_s020,8.666666666666666,4.173794750000001,61.975,124.275,5.908333333333333,130.0,4.916666666666667,1
AncientThought_s021,7.341666666666667,4.275040416666666,101.85833333333332,120.425,5.7,131.00833333333333,4.858333333333333,1
AncientThought_s022,6.325,2.7527310833333325,74.825,123.55833333333334,6.708333333333333,130.05,5.233333333333333,1
AncientThought_s023,6.5,4.538688083333333,98.56666666666666,119.76666666666668,4.575,132.76666666666668,2.6333333333333333,0
AncientThought_s024,5.2,4.738911749999999,82.68333333333334,122.15,3.325,130.73333333333332,3.066666666666667,1
AncientThought_s025,5.583333333333333,5.478958333333332,107.58333333333331,118.6,3.316666666666667,133.05833333333334,2.7583333333333333,1
AncientThought_s026,6.016666666666667,3.554155999999999,127.15833333333332,115.75,3.15,134.23333333333332,2.3916666666666666,0
AncientThought_s027,3.1666666666666665,3.587258499999999,73.18333333333334,124.6,2.3,128.98333333333332,1.2833333333333334,1
AncientThought_s028,2.833333333333333,4.620681916666667,49.71666666666667,128.0,2.558333333333333,127.0,1.2333333333333334,0
AncientThought_s029,4.108333333333333,2.7734150000000004,49.40833333333333,127.88333333333334,3.066666666666667,127.0,1.7916666666666667,1
AncientThought_s030,23.55,1.8066720883333327,50.04166666666666,127.79166666666669,1.1416666666666666,127.74166666666666,1.0083333333333333,1
AncientThought_s031,36.0,0.0,52.0,128.0,1.0,128.0,1.0,1
AncientThought_s032,45.5,2.987859833333333,52.75833333333333,128.0,1.0,128.0,1.0,1
AncientThought_s033,51.8,0.5471491666666667,53.0,128.0,1.0,127.95,1.0,1
AncientThought_s034,24.9,2.029207666666667,50.391666666666666,128.0,1.8416666666666663,127.0,1.0,1
AncientThought_s035,16.525,1.0992090833333334,49.30833333333333,128.0,1.5166666666666666,127.275,1.0,0
AncientThought_s036,6.091666666666667,0.1568721,48.0,128.0,1.0,128.0,1.0,1
Basketball_s000,15.3,12.59428866666667,108.18333333333334,122.03333333333332,18.566666666666663,131.0,8.608333333333333,1
Basketball_s001,16.241666666666667,8.451292500000001,108.63333333333334,122.0,19.0,131.0,9.0,1
Beauty_s000,59.9,17.488393333333327,89.25,121.75,33.8,132.98333333333332,25.008333333333333,0
Bosohorus_s000,26.766666666666666,16.082857500000003,140.54166666666666,133.0,9.158333333333331,122.0,10.0,1
BundNightScape_s000,54.95,12.253223666666669,75.19166666666666,123.0,22.516666666666666,130.00833333333333,22.616666666666667,1
BundNightScape_s001,54.81666666666667,11.608971333333333,75.13333333333334,123.0,22.433333333333334,130.0,22.558333333333334,1
Bunny_s000,22.4,4.702539500000002,129.20833333333334,118.0,9.983333333333333,128.93333333333334,6.241666666666666,1
Bunny_s001,23.641666666666666,6.097077416666667,128.675,118.0,10.166666666666666,129.0,6.583333333333333,1
Busy_City_s000,9.341666666666669,12.28434758333333,91.775,125.86666666666666,1.3583333333333334,128.49166666666667,1.0916666666666666,0
Busy_City_s001,18.70833333333333,10.088419916666671,94.49166666666666,125.95,3.3833333333333333,128.125,2.9,1
Busy_City_s002,27.05,5.237782833333331,88.09166666666667,126.0,6.058333333333334,128.0,4.975,1
Busy_City_s003,11.608333333333333,2.0847097500000014,95.80833333333334,125.11666666666666,4.775,128.0,2.575,1
Busy_City_s004,10.941666666666666,2.5680904999999985,96.025,125.0,3.9,128.0,2.308333333333333,1
Busy_City_s005,11.766666666666667,4.415420083333332,91.16666666666669,125.79166666666669,2.55,128.0,2.1083333333333334,1
Busy_City_s006,11.366666666666667,4.912459666666664,89.73333333333333,126.0,2.0083333333333333,128.0,2.0,0
Busy_City_s007,6.683333333333334,5.5916221666666654,97.81666666666666,125.40833333333332,1.5666666666666669,128.54166666666666,1.2,0
Busy_City_s008,10.291666666666666,6.842185499999998,91.50833333333334,126.225,1.875,128.15833333333333,1.825,1
Busy_City_s009,7.875,4.650151333333332,84.16666666666667,125.4,1.7833333333333334,127.99166666666666,1.2416666666666667,1
Busy_City_s010,8.108333333333333,3.9832644999999993,82.78333333333333,125.03333333333332,2.0,127.36666666666666,1.1666666666666667,1
Busy_City_s011,7.825,4.439298666666665,82.63333333333334,125.0,1.9916666666666667,127.41666666666669,1.05,1
Busy_City_s012,17.825,4.7780282499999975,87.25,125.71666666666668,3.9583333333333335,128.0,3.2333333333333334,0
Busy_City_s013,23.78333333333333,5.836091249999998,89.675,126.0,5.158333333333333,128.0,4.241666666666666,1
Busy_City_s014,15.566666666666666,15.65482841666667,85.71666666666667,126.075,3.458333333333333,127.95833333333331,3.025,1
Busy_City_s015,11.466666666666669,13.738660583333337,84.125,126.00833333333334,2.6333333333333333,128.0,2.2916666666666665,1
Busy_City_s016,12.416666666666666,8.545428416666663,81.85,126.0,2.4916666666666667,128.21666666666667,2.591666666666667,1
Busy_City_s017,6.166666666666667,3.839746083333332,93.9,126.0,1.2166666666666666,128.975,1.0,1
Busy_City_s018,18.808333333333334,6.6610405833333335,95.175,126.35833333333332,3.725,128.24166666666667,2.966666666666667,1
Busy_City_s019,34.891666666666666,6.3828051666666665,93.66666666666669,127.0,7.3,127.66666666666669,5.9,0
Busy_City_s020,24.60833333333333,13.667700333333336,89.05833333333334,127.16666666666669,5.0,127.25,4.291666666666667,1
Busy_City_s021,24.90833333333333,8.722817,89.9,126.55,4.833333333333333,127.99166666666666,3.6,1
Busy_City_s022,20.83333333333333,2.581910416666667,89.0,126.0,4.625,128.0,2.0166666666666666,1
Busy_City_s023,18.65833333333333,2.908923666666668,89.85833333333333,126.925,3.716666666666667,127.23333333333332,3.316666666666667,0
CampfireParty_s000,53.25833333333333,45.60703999999995,83.48333333333333,114.86666666666666,48.48333333333333,136.16666666666666,33.15,1
CampfireParty_s001,49.65833333333333,39.79701416666668,83.55833333333334,114.00833333333334,46.025,136.21666666666667,31.758333333333333,1
Characters_s000,45.41666666666666,36.87504916666667,134.55833333333334,127.88333333333334,11.041666666666666,126.78333333333332,10.05,0
Characters_s001,37.3,26.24105333333333,135.575,125.99166666666666,17.15,127.0,10.0,1
Childs_Play_s000,43.79166666666666,7.55406851666667,96.81666666666666,124.375,7.683333333333334,129.58333333333334,3.716666666666667,0
Childs_Play_s001,26.341666666666665,6.107796166666673,104.31666666666666,125.94166666666666,5.083333333333333,128.09166666666667,3.55,1
Childs_Play_s002,17.208333333333332,4.17713135,103.05,126.675,3.616666666666666,127.45833333333331,3.775,1
Childs_Play_s003,22.416666666666668,11.022079916666664,100.85,126.11666666666666,4.466666666666667,127.91666666666669,4.433333333333334,1
Childs_Play_s004,11.041666666666666,1.330500783333333,103.0,127.96666666666668,3.675,126.025,2.833333333333333,1
Childs_Play_s005,10.975,2.176811283333333,103.48333333333332,127.9,3.8333333333333335,126.09166666666668,2.9916666666666667,1
Childs_Play_s006,16.158333333333335,3.1965786666666665,108.54166666666669,126.025,5.041666666666667,127.0,4.05,1
Childs_Play_s007,16.658333333333335,3.032073583333333,106.4,126.33333333333331,5.208333333333333,127.0,4.25,1
Childs_Play_s008,16.175,1.95559525,103.0,127.0,5.016666666666667,127.0,4.125,1
Childs_Play_s009,14.033333333333331,4.202109916666665,102.525,127.0,3.975,127.0,3.2333333333333334,1
Childs_Play_s010,9.158333333333331,7.68997275,100.8,127.0,2.966666666666667,127.0,2.15,1
Childs_Play_s011,9.916666666666666,6.531328833333335,100.25833333333334,127.0,3.0,127.0,2.6083333333333334,1
Childs_Play_s012,9.958333333333334,1.8795447833333323,107.95833333333331,127.575,2.033333333333333,125.725,1.5083333333333333,0
Childs_Play_s013,12.366666666666667,2.956543258333333,107.83333333333331,126.85,2.841666666666667,125.5,2.091666666666667,1
Childs_Play_s014,17.966666666666665,5.670979666666668,101.2,125.0,5.425,126.38333333333334,5.0,1
Childs_Play_s015,18.216666666666665,3.6343900000000007,101.15833333333332,125.0,5.533333333333333,126.05,5.0,0
Childs_Play_s016,18.116666666666667,3.45032775,105.88333333333334,125.61666666666666,5.375,126.03333333333332,3.983333333333333,0
Childs_Play_s017,18.066666666666663,1.4265877499999997,108.03333333333332,126.0,6.0,126.0,4.0,1
Childs_Play_s018,18.0,1.2980863499999995,108.45,126.0,6.0,126.0,4.0,1
CityAlley_s000,42.0,7.076082416666663,87.25833333333334,126.0,7.0,128.0,9.0,1
CityAlley_s001,41.34166666666667,7.101509583333334,90.425,126.0,7.0,128.0,9.0,1
ConstructionField_s000,59.0,7.070850666666671,114.0,131.0,14.0,124.83333333333331,16.0,1
ConstructionField_s001,59.0,7.218460833333334,114.0,131.0,14.0,124.7,16.0,1
Construction_s000,35.55833333333333,16.73116741666667,119.9,125.0,17.958333333333332,128.0,7.0,0
Construction_s001,39.69166666666667,20.319001333333333,119.99166666666666,125.28333333333332,18.441666666666663,127.325,7.258333333333334,1
Crowd_s000,33.775,15.041744500000002,117.08333333333331,126.0,11.866666666666667,128.0,8.025,1
Crowd_s001,32.43333333333333,12.787131000000006,118.45,126.0,11.366666666666667,128.0,8.0,0
Dolls_s000,20.4,8.71788408333333,93.69166666666666,123.43333333333334,18.141666666666666,127.025,11.758333333333333,1
Dolls_s001,19.40833333333333,13.594563166666662,98.775,124.525,16.408333333333335,126.925,10.741666666666667,1
Eldorado_s000,15.283333333333331,49.764373,107.15833333333332,121.44166666666666,6.266666666666667,125.34166666666668,5.25,1
Eldorado_s001,22.45,7.783594333333334,137.225,117.15,14.916666666666666,124.0,7.325,1
Eldorado_s002,31.058333333333334,6.107229250000002,110.30833333333334,123.40833333333332,18.9,123.54166666666669,9.083333333333334,1
Eldorado_s003,49.44166666666667,25.310343416666672,120.83333333333331,121.025,46.15,120.875,17.416666666666668,1
Eldorado_s004,85.20833333333333,27.51867816666665,121.11666666666666,120.53333333333332,52.71666666666667,121.98333333333332,23.841666666666665,1
Eldorado_s005,100.375,9.22661875,109.05833333333334,121.88333333333334,67.89166666666667,123.94166666666666,23.133333333333333,1
Eldorado_s006,83.44166666666666,10.499644499999995,114.13333333333334,121.1,56.25833333333333,123.325,19.28333333333333,1
Eldorado_s007,14.425,6.371646333333332,124.65,116.875,13.425,121.36666666666666,6.133333333333334,0
Eldorado_s008,15.283333333333331,7.54875208333333,112.29166666666669,117.96666666666668,13.25,121.40833333333332,6.683333333333334,1
Eldorado_s009,14.35,8.693434083333331,115.65833333333332,118.20833333333331,12.625,121.50833333333334,6.091666666666667,1
Eldorado_s010,47.55833333333333,22.597219916666656,122.675,121.225,40.8,121.65833333333332,20.45,1
Eldorado_s011,60.891666666666666,28.484065833333325,108.50833333333334,120.76666666666668,44.625,122.95,23.866666666666667,1
Eldorado_s012,60.575,18.92951683333333,111.925,121.61666666666666,30.5,126.2,20.6,1
Eldorado_s013,37.46666666666667,23.681115416666668,118.61666666666666,122.18333333333334,13.475,127.43333333333334,12.308333333333334,1
Eldorado_s014,28.90833333333333,33.03192583333334,117.19166666666666,125.975,11.9,124.03333333333332,9.308333333333334,1
Eldorado_s015,23.95,34.2601825,116.5,127.38333333333334,8.0,123.89166666666668,6.241666666666666,1
Eldorado_s016,27.225,34.31146750000003,123.31666666666666,125.21666666666668,10.241666666666667,123.59166666666668,6.883333333333334,1
Eldorado_s017,48.725,14.909246666666672,106.49166666666666,122.0,22.0,125.0,11.183333333333334,1
Eldorado_s018,35.958333333333336,14.535092500000005,104.73333333333332,122.0,18.03333333333333,125.475,10.458333333333334,1
Eldorado_s019,27.808333333333334,13.219782166666665,110.75,122.98333333333332,15.683333333333334,125.09166666666668,11.358333333333333,0
Eldorado_s020,18.15833333333333,5.478525583333335,128.85833333333332,114.0,11.016666666666667,121.9,7.391666666666667,1
Eldorado_s021,31.041666666666668,4.226849333333333,114.89166666666668,121.43333333333334,10.9,126.75,8.5,0
Eldorado_s022,28.441666666666663,3.45972375,105.06666666666666,123.39166666666668,9.425,126.53333333333332,7.483333333333333,1
Eldorado_s023,28.275,16.225907833333334,99.0,124.51666666666668,13.575,125.93333333333334,9.675,0
Eldorado_s024,37.5,35.04690749999999,114.375,125.53333333333332,24.666666666666668,126.09166666666668,14.683333333333334,1
Eldorado_s025,44.958333333333336,33.56646416666667,104.79166666666669,125.9,26.466666666666665,124.01666666666668,15.583333333333334,1
Eldorado_s026,40.44166666666667,24.171605000000003,103.84166666666668,125.41666666666669,22.916666666666668,126.025,16.975,1
Eldorado_s027,34.725,22.25763750000001,98.08333333333331,125.0,19.90833333333333,127.875,13.858333333333333,1
Eldorado_s028,37.083333333333336,20.431986666666667,100.025,125.78333333333332,20.2,127.825,14.0,0
Eldorado_s029,52.55,31.111071666666664,111.00833333333334,128.66666666666666,39.05,122.93333333333334,16.25,1
Eldorado_s030,73.99166666666666,19.10792858333333,110.46666666666668,123.48333333333332,45.141666666666666,122.73333333333332,18.191666666666663,1
Eldorado_s031,73.175,16.025511666666663,107.19166666666666,120.63333333333334,37.458333333333336,124.0,17.0,1
Eldorado_s032,76.025,14.063109166666663,108.0,121.0,38.0,124.0,17.0,0
Eldorado_s033,62.35833333333333,10.262942333333331,97.11666666666666,122.15833333333332,30.03333333333333,124.55833333333334,13.383333333333333,1
Eldorado_s034,33.375,2.023586,48.50833333333333,127.95833333333331,1.0416666666666667,127.95833333333331,1.0,1
Eldorado_s035,18.633333333333333,2.20013075,46.85833333333333,128.0,1.3083333333333331,127.49166666666666,1.0,0
FlowerFocus_s000,33.49166666666667,10.443379833333328,106.825,115.98333333333332,12.966666666666669,143.0,14.983333333333333,1
FlowerFocus_s001,30.725,10.4309005,116.075,114.96666666666668,11.891666666666667,140.5,13.491666666666667,0
FlowerKids_s000,41.63333333333333,32.57307166666665,123.18333333333334,119.73333333333332,20.125,130.0,12.891666666666667,1
FlowerKids_s001,41.44166666666667,31.80859833333334,119.20833333333331,120.11666666666666,19.45833333333333,130.14166666666668,12.841666666666669,0
Flowers_s000,12.691666666666666,13.320482083333332,104.575,118.24166666666666,21.08333333333333,125.0,8.483333333333333,1
Flowers_s001,11.308333333333334,14.731992666666663,103.79166666666669,118.60833333333332,19.566666666666663,125.01666666666668,7.35,1
Fountains_s000,60.766666666666666,23.730060833333344,112.76666666666668,126.0,9.716666666666669,129.0,12.0,1
Fountains_s001,61.05833333333333,23.30695666666667,111.74166666666666,126.0,10.0,129.0,12.058333333333334,1
Fun_on_the_river_s000,23.258333333333333,6.771820000000001,93.70833333333331,126.275,3.775,126.15833333333332,3.125,0
Fun_on_the_river_s001,24.425,29.523004749999995,101.14166666666668,125.18333333333334,1.175,126.0,0.3333333333333333,1
Fun_on_the_river_s002,18.4,25.14610916666668,89.25,126.78333333333332,1.6916666666666669,126.95,0.975,1
Fun_on_the_river_s003,18.741666666666667,26.127657500000005,88.11666666666666,127.0,1.7583333333333333,127.0,1.1166666666666667,1
Fun_on_the_river_s004,26.675,24.09760916666666,88.39166666666667,127.0,1.425,127.0,0.8166666666666667,0
Fun_on_the_river_s005,31.641666666666666,30.793465000000005,92.85833333333332,127.0,1.2583333333333333,127.0,0.4583333333333333,1
Fun_on_the_river_s006,31.016666666666666,41.39116416666665,95.76666666666668,127.0,1.0166666666666666,127.0,0.175,1
Fun_on_the_river_s007,25.633333333333333,28.821090833333333,90.95833333333331,126.38333333333334,1.975,127.0,1.3916666666666666,0
Fun_on_the_river_s008,26.466666666666665,28.12960083333334,91.33333333333331,126.0,2.35,127.0,1.6416666666666666,0
Fun_on_the_river_s009,22.075,42.26982666666666,90.06666666666666,126.45833333333331,1.1833333333333331,127.0,0.7833333333333333,1
Fun_on_the_river_s010,20.016666666666666,61.718665,88.075,127.0,0.4416666666666666,127.0,0.0,1
Fun_on_the_river_s011,24.266666666666666,40.56590416666666,93.54166666666669,126.725,1.225,127.28333333333332,0.4166666666666667,1
Fun_on_the_river_s012,26.416666666666668,18.60380166666666,92.91666666666669,126.0,2.5,128.0,2.05,1
Fun_on_the_river_s013,25.575,21.8255325,93.73333333333332,126.09166666666668,2.475,127.825,1.7333333333333334,1
Fun_on_the_river_s014,21.266666666666666,44.95837000000001,96.68333333333334,126.225,1.0083333333333333,127.89166666666668,0.7333333333333333,1
Fun_on_the_river_s015,20.95833333333333,36.07850999999999,95.61666666666666,126.33333333333331,1.3333333333333333,127.825,0.5416666666666666,1
Fun_on_the_river_s016,34.025,79.16335250000002,100.13333333333334,127.0,1.0166666666666666,127.625,0.1666666666666666,1
Fun_on_the_river_s017,29.758333333333333,46.70789249999999,83.23333333333333,127.0,1.6333333333333333,127.25,0.9666666666666668,1
Fun_on_the_river_s018,17.716666666666665,33.25937166666666,87.44166666666666,127.1,1.0416666666666667,126.96666666666668,0.9916666666666668,1
Fun_on_the_river_s019,17.65,36.08073916666667,87.44166666666666,127.10833333333332,1.3083333333333331,127.0,0.9833333333333332,1
Fun_on_the_river_s020,20.016666666666666,41.831119999999984,89.09166666666667,127.3,1.0,127.0,0.9166666666666666,1
Fun_on_the_river_s021,18.35833333333333,17.918469,91.425,127.0,2.2333333333333334,127.0,1.7666666666666666,0
Fun_on_the_river_s022,20.175,10.715831666666666,92.65,127.0,3.25,127.0,2.45,1
Fun_on_the_river_s023,20.466666666666665,21.7767525,92.33333333333331,126.76666666666668,1.925,127.0,1.6166666666666667,1
Fun_on_the_river_s024,22.775,33.5632625,92.71666666666668,126.275,1.0333333333333334,127.14166666666668,0.8166666666666667,1
Fun_on_the_river_s025,22.85,30.82129000000001,91.425,126.0,1.375,127.0,0.7916666666666666,1
Fun_on_the_river_s026,26.53333333333333,30.4050075,90.95,126.0,2.25,127.0,1.2333333333333334,1
Fun_on_the_river_s027,26.48333333333333,28.68542250000001,91.24166666666666,126.0,2.183333333333333,127.0,1.0833333333333333,0
Fun_on_the_river_s028,25.366666666666667,26.93255083333333,90.24166666666666,126.05,2.191666666666667,127.0,1.275,1
HoneyBee_s000,42.93333333333333,7.914281166666669,103.0,132.80833333333334,26.916666666666668,128.0,18.0,0
Indoor_Soccer_s000,19.291666666666668,11.068205332500003,98.71666666666668,122.79166666666669,15.658333333333331,127.55833333333334,10.158333333333331,0
Indoor_Soccer_s001,36.84166666666667,7.541396250000003,133.38333333333333,123.45833333333331,12.541666666666666,127.19166666666666,9.466666666666669,1
Indoor_Soccer_s002,27.041666666666668,15.482720916666668,112.3,122.05833333333334,21.575,127.34166666666668,14.641666666666667,1
Indoor_Soccer_s003,22.416666666666668,23.88463058333333,121.41666666666669,121.36666666666666,17.658333333333335,130.41666666666666,12.041666666666666,0
Indoor_Soccer_s004,20.925,14.33255275,114.68333333333334,119.08333333333331,14.65,127.35833333333332,11.591666666666669,1
Indoor_Soccer_s005,16.225,19.324710833333345,121.78333333333332,121.2,13.066666666666666,128.08333333333334,8.475,1
Indoor_Soccer_s006,16.425,12.910539083333331,118.94166666666666,117.39166666666668,13.791666666666666,126.59166666666668,9.008333333333333,0
Indoor_Soccer_s007,20.116666666666667,20.95052658333333,117.66666666666669,117.06666666666666,14.725,126.40833333333332,10.091666666666669,1
Indoor_Soccer_s008,17.933333333333334,18.71663866666666,121.225,117.73333333333332,15.158333333333331,126.08333333333331,9.808333333333334,1
Indoor_Soccer_s009,16.175,13.124795666666673,132.55833333333334,119.08333333333331,12.183333333333334,127.65833333333332,8.175,1
Indoor_Soccer_s010,38.8,10.114496333333332,111.6,118.625,25.258333333333333,125.9,20.10833333333333,1
Indoor_Soccer_s011,36.125,8.710881833333332,108.03333333333332,119.60833333333332,20.791666666666668,125.11666666666666,14.416666666666666,1
Indoor_Soccer_s012,7.016666666666667,12.829742083333333,66.48333333333333,125.70833333333331,4.783333333333333,127.53333333333332,3.4166666666666665,1
Indoor_Soccer_s013,21.95833333333333,24.84013425,96.51666666666668,120.0,14.666666666666666,125.33333333333331,12.058333333333334,1
Indoor_Soccer_s014,21.391666666666666,22.33323166666667,105.25,117.9,18.341666666666665,124.35833333333332,12.166666666666666,1
Indoor_Soccer_s015,30.766666666666666,22.099794166666666,104.55,118.88333333333334,23.65833333333333,126.45,15.3,1
Indoor_Soccer_s016,28.48333333333333,13.90845083333333,104.39166666666668,120.875,25.25,130.93333333333334,15.075,1
Indoor_Soccer_s017,36.54166666666666,13.912798083333334,109.26666666666668,118.26666666666668,37.65833333333333,127.66666666666669,21.95,1
Indoor_Soccer_s018,21.258333333333333,22.167813249999995,106.60833333333332,117.29166666666669,19.916666666666668,125.18333333333334,13.433333333333334,1
Indoor_Soccer_s019,28.98333333333333,17.288888429999997,109.68333333333334,123.51666666666668,25.925,129.175,17.816666666666666,1
Indoor_Soccer_s020,30.95833333333333,12.527810583333332,103.73333333333332,123.475,28.85833333333333,128.95833333333334,22.125,1
Indoor_Soccer_s021,35.21666666666667,10.620164166666674,106.74166666666666,122.70833333333331,28.058333333333334,128.93333333333334,21.133333333333333,0
Indoor_Soccer_s022,25.241666666666667,8.30076366666667,108.5,120.51666666666668,29.066666666666663,128.43333333333334,17.541666666666668,1
Indoor_Soccer_s023,17.85,17.83538191666666,114.675,119.10833333333332,19.40833333333333,125.98333333333332,11.4,0
Indoor_Soccer_s024,16.25,13.651240083333333,121.01666666666668,117.60833333333332,19.05,125.20833333333331,10.675,1
Indoor_Soccer_s025,28.75,16.039830000000006,116.94166666666666,119.60833333333332,24.55,125.45833333333331,15.7,1
Indoor_Soccer_s026,40.18333333333333,13.596849166666669,117.15833333333332,126.0,29.516666666666666,128.0,21.616666666666667,1
Indoor_Soccer_s027,41.4,12.350434333333336,116.68333333333334,125.4,30.266666666666666,128.0,22.558333333333334,1
Indoor_Soccer_s028,42.266666666666666,16.606290833333336,116.8,125.13333333333334,30.916666666666668,128.0,22.883333333333333,0
Indoor_Soccer_s029,40.25833333333333,11.817256666666673,118.01666666666668,125.89166666666668,29.40833333333333,128.01666666666668,21.041666666666668,1
Indoor_Soccer_s030,42.0,10.905973333333336,117.525,126.0,30.0,128.425,21.0,1
Indoor_Soccer_s031,30.70833333333333,24.24383341666668,110.79166666666669,123.23333333333332,24.23333333333333,126.36666666666666,17.558333333333334,1
Indoor_Soccer_s032,25.5,24.79076683333333,112.33333333333331,119.03333333333332,22.491666666666667,125.48333333333332,14.3,1
Indoor_Soccer_s033,26.45833333333333,24.30036083333332,103.825,119.25833333333334,22.341666666666665,125.675,15.266666666666667,0
Indoor_Soccer_s034,16.116666666666667,15.366038750000005,111.09166666666668,121.4,15.225,126.6,8.458333333333334,1
Indoor_Soccer_s035,24.366666666666667,19.896076500000003,112.89166666666668,117.14166666666668,24.141666666666666,125.19166666666666,14.083333333333334,1
Indoor_Soccer_s036,31.65833333333333,18.33496833333332,108.21666666666668,121.35833333333332,32.35,127.625,20.83333333333333,1
Indoor_Soccer_s037,34.44166666666667,17.194302499999996,106.125,122.38333333333334,32.45,129.0,22.266666666666666,1
Indoor_Soccer_s038,37.10833333333333,13.982948333333328,107.15,122.89166666666668,33.108333333333334,129.0,22.841666666666665,1
Indoor_Soccer_s039,40.15833333333333,15.743140833333332,107.225,122.625,35.541666666666664,128.70833333333334,23.191666666666663,1
Indoor_Soccer_s040,39.45,11.247150250000008,114.0,121.88333333333334,35.81666666666667,128.0,20.53333333333333,0
Indoor_Soccer_s041,35.05,18.282661333333337,105.64166666666668,121.8,33.875,127.825,21.291666666666668,1
Indoor_Soccer_s042,22.05,16.17916766666668,111.06666666666666,119.19166666666666,22.141666666666666,125.84166666666668,13.366666666666667,1
Indoor_Soccer_s043,18.375,7.652726083333331,114.6,114.75833333333334,21.20833333333333,124.0,11.066666666666666,1
Indoor_Soccer_s044,15.208333333333334,5.238734346058334,71.56666666666666,123.525,7.783333333333333,126.43333333333334,4.325,1
Indoor_Soccer_s045,61.95,0.1406091666666666,51.98333333333333,128.0,1.0,128.0,1.0,1
Indoor_Soccer_s046,57.38333333333333,3.415682558333334,51.641666666666666,128.0,1.1,127.71666666666668,1.0416666666666667,0
Indoor_Soccer_s047,38.0,0.0,49.0,128.0,2.0,127.0,2.0,1
Indoor_Soccer_s048,20.066666666666663,1.7591966899999998,47.16666666666666,128.0,1.3416666666666666,127.15,1.2083333333333333,1
Indoor_Soccer_s049,6.775,0.1218064166666666,45.0,128.0,1.0,128.0,1.0,1
Jockey_s000,36.09166666666667,26.886285833333325,111.10833333333332,122.85833333333332,14.183333333333334,126.08333333333331,15.35,1
Lake_s000,53.0,19.376238333333333,114.0,131.0,19.3,122.01666666666668,9.0,1
Lake_s001,53.0,18.917359166666657,114.0,131.0,19.0,122.0,9.0,1
Library_s000,53.85833333333333,12.25122025,117.55833333333334,126.71666666666668,13.0,129.1,16.691666666666666,1
Library_s001,56.46666666666667,25.22527666666667,118.0,125.65,13.725,130.0,17.4,1
Lifting_Off_s000,19.166666666666668,3.07377575,114.425,121.775,12.491666666666667,117.40833333333332,9.608333333333333,1
Lifting_Off_s001,23.375,7.081978166666669,124.73333333333332,104.075,22.98333333333333,128.15,16.691666666666666,1
Lifting_Off_s002,25.175,16.64470675,132.39166666666668,117.675,23.2,118.78333333333332,19.883333333333333,0
Lifting_Off_s003,19.341666666666665,18.78859,139.80833333333334,124.53333333333332,18.891666666666666,112.55,17.416666666666668,1
Lifting_Off_s004,20.491666666666667,14.291654333333335,138.61666666666667,115.025,19.28333333333333,122.49166666666666,14.966666666666669,1
Lifting_Off_s005,28.675,6.802315666666669,128.51666666666668,112.39166666666668,24.433333333333334,125.19166666666666,18.933333333333334,0
Lifting_Off_s006,12.583333333333334,3.4426469166666656,145.41666666666666,127.75,11.25,118.30833333333334,10.8,1
Lifting_Off_s007,15.125,3.5598507500000007,144.8,128.45,12.516666666666667,117.725,11.541666666666666,1
Lifting_Off_s008,26.0,3.930706416666669,139.425,126.98333333333332,19.758333333333333,117.0,16.958333333333332,1
Lifting_Off_s009,26.0,3.803461416666666,140.0,126.29166666666669,19.166666666666668,117.0,16.391666666666666,1
Lifting_Off_s010,26.316666666666663,5.005972666666664,138.46666666666667,125.84166666666668,21.23333333333333,116.68333333333334,18.85,1
Lifting_Off_s011,28.0,4.371236916666665,130.0,125.0,28.0,115.0,29.0,1
Lifting_Off_s012,27.78333333333333,4.462725,130.0,125.0,27.825,115.0,29.0,1
Lifting_Off_s013,27.041666666666668,5.962417000000001,129.95833333333334,120.8,27.966666666666665,116.8,25.866666666666667,0
Lifting_Off_s014,24.40833333333333,4.480387666666664,130.0,111.0,27.75,121.0,18.0,1
Lifting_Off_s015,24.0,3.81314825,129.51666666666668,111.49166666666666,27.008333333333333,121.0,18.0,1
Lifting_Off_s016,16.216666666666665,8.488319999999998,120.38333333333334,105.7,17.45,126.325,11.133333333333333,0
Lifting_Off_s017,13.416666666666666,11.294017749999998,121.76666666666668,100.275,15.116666666666667,128.0,9.583333333333334,1
Lifting_Off_s018,11.291666666666666,8.611120499999995,126.71666666666668,94.775,14.741666666666667,128.19166666666666,7.441666666666666,1
Lifting_Off_s019,12.108333333333333,7.101758333333335,127.91666666666669,95.475,15.366666666666667,128.1,8.558333333333334,1
Lifting_Off_s020,14.383333333333333,5.377282416666668,129.08333333333334,102.5,17.25,123.68333333333334,10.85,1
Lifting_Off_s021,17.441666666666666,2.455818083333333,133.86666666666667,117.0,22.0,113.25833333333334,15.0,1
Lifting_Off_s022,17.358333333333334,2.40104925,134.0,117.0,21.975,113.0,14.425,0
Lifting_Off_s023,16.833333333333332,2.636739833333334,136.84166666666667,118.31666666666666,21.216666666666665,112.475,14.058333333333334,1
Lifting_Off_s024,17.0,2.428614833333333,138.0,119.98333333333332,21.0,112.0,14.275,1
Lifting_Off_s025,17.0,2.719950083333332,137.15,120.65833333333332,21.0,112.0,14.325,1
Lifting_Off_s026,18.3,3.8932844166666665,136.55,122.0,20.7,113.5,15.6,1
Lifting_Off_s027,25.0,3.471124083333333,134.95,127.0,19.0,122.0,19.0,1
Lifting_Off_s028,25.0,3.245464000000001,135.0,127.0,19.0,122.0,19.0,1
Lifting_Off_s029,25.0,3.197055166666668,135.0,127.0,19.0,122.0,19.0,1
Lifting_Off_s030,25.0,3.4436858333333324,135.0,127.20833333333331,19.0,122.0,19.0,0
Lifting_Off_s031,30.1,6.342112749999999,134.43333333333334,117.375,26.475,121.96666666666668,26.65,1
Lifting_Off_s032,34.0,6.634322833333332,133.95833333333334,110.0,32.733333333333334,122.09166666666668,32.53333333333333,1
Lifting_Off_s033,34.0,6.7375075833333335,133.49166666666667,110.36666666666666,31.55,122.33333333333331,32.0,1
Lifting_Off_s034,28.491666666666667,5.799371249999996,139.5,121.25,25.416666666666668,116.275,23.541666666666668,0
Lifting_Off_s035,26.0,4.061802250000001,142.0,126.0,23.7,113.98333333333332,20.0,0
Lifting_Off_s036,26.0,3.9917484166666655,141.55,126.0,23.7,114.0,20.0,0
Lifting_Off_s037,30.075,3.239873333333333,64.85,127.66666666666669,4.8,124.96666666666668,4.175,0
Lifting_Off_s038,29.325,2.0885316083333336,48.275,128.0,1.5916666666666666,127.225,1.5416666666666667,1
Lifting_Off_s039,6.941666666666666,0.0673697691666666,45.0,128.0,1.0,128.0,1.0,1
Maples_s000,70.60833333333333,75.26749999999996,114.30833333333334,128.28333333333333,42.09166666666667,126.475,34.041666666666664,0
Maples_s001,74.20833333333333,80.65501583333337,108.38333333333334,129.0,45.75833333333333,126.0,39.88333333333333,0
Marathon_s000,82.15833333333333,28.10309916666666,113.31666666666666,131.0,30.133333333333333,127.0,29.541666666666668,1
Marathon_s001,82.38333333333334,27.53595999999999,111.475,131.0,29.175,127.0,28.08333333333333,1
Nature_in_the_city_s000,18.075,2.9411652500000005,99.25833333333334,126.15,4.766666666666667,126.13333333333334,3.158333333333333,0
Nature_in_the_city_s001,21.28333333333333,4.09650175,108.86666666666666,126.0,4.541666666666667,125.15,1.825,1
Nature_in_the_city_s002,12.008333333333333,1.8149401250000008,106.51666666666668,123.23333333333332,6.1,126.7,5.041666666666667,1
Nature_in_the_city_s003,24.28333333333333,3.455579783333333,100.25,124.325,8.2,127.04166666666669,9.333333333333334,1
Nature_in_the_city_s004,19.95833333333333,3.2098783333333336,94.56666666666666,124.51666666666668,7.183333333333334,127.0,6.958333333333333,0
Nature_in_the_city_s005,16.491666666666667,2.116638991666667,95.3,122.35,10.116666666666667,128.63333333333333,6.491666666666666,1
Nature_in_the_city_s006,27.15833333333333,2.902633816666666,100.95833333333331,120.0,16.516666666666666,130.08333333333334,9.916666666666666,1
Nature_in_the_city_s007,51.54166666666666,6.904524916666668,100.44166666666666,119.60833333333332,20.78333333333333,124.0,6.716666666666667,1
Nature_in_the_city_s008,51.60833333333333,7.830698666666665,100.65833333333332,119.16666666666669,20.975,124.0,6.866666666666666,1
Nature_in_the_city_s009,34.99166666666667,4.818954658333332,93.34166666666668,122.85,11.658333333333331,124.81666666666666,4.05,1
Nature_in_the_city_s010,31.066666666666663,2.5108698333333326,95.65,120.85,15.408333333333331,124.46666666666668,4.375,1
Nature_in_the_city_s011,32.725,1.9953572499999992,99.0,119.03333333333332,19.775,124.00833333333334,5.291666666666667,1
Nature_in_the_city_s012,34.31666666666667,2.3257999,98.175,122.7,13.258333333333333,125.0,6.375,1
Nature_in_the_city_s013,35.125,1.4020519416666668,98.0,123.0,13.95,125.0,7.0,0
Nature_in_the_city_s014,34.35,3.594295175,95.28333333333332,122.25833333333334,13.558333333333334,125.0,5.716666666666667,1
Nature_in_the_city_s015,35.958333333333336,3.079822000000001,94.41666666666669,122.0,14.65,125.0,5.625,1
Nature_in_the_city_s016,22.78333333333333,3.153830000000001,104.08333333333331,124.025,10.133333333333333,125.525,4.066666666666666,1
Nature_in_the_city_s017,10.0,1.2230434166666666,114.0,126.0,6.383333333333334,126.0,2.941666666666667,1
Nature_in_the_city_s018,12.033333333333331,2.2232375333333336,113.85833333333332,126.3,5.458333333333333,126.29166666666669,2.783333333333333,1
Nature_in_the_city_s019,20.0,4.361521083333335,112.91666666666669,127.0,3.625,127.0,3.0,1
Nature_in_the_city_s020,20.291666666666668,5.134193999999998,111.725,126.95833333333331,3.683333333333333,127.0,2.9166666666666665,1
Nature_in_the_city_s021,33.93333333333333,3.643614499999999,103.40833333333332,125.10833333333332,10.016666666666667,127.0,4.475,1
Nature_in_the_city_s022,36.575,4.2153574166666665,102.00833333333334,125.0,10.966666666666669,127.0,6.616666666666666,1
Nature_in_the_city_s023,24.6,3.851603441666667,100.18333333333334,125.0,8.291666666666666,127.0,5.833333333333333,1
Nature_in_the_city_s024,7.0,2.3575666500000008,99.0,125.0,4.475,127.0,2.9,1
Nature_in_the_city_s025,7.333333333333333,2.10116475,100.35833333333332,125.0,4.566666666666666,127.28333333333332,2.833333333333333,1
Nature_in_the_city_s026,8.35,1.3476569750000005,105.0,125.0,5.516666666666667,128.0,3.375,1
Nature_in_the_city_s027,9.808333333333334,2.248549750000001,105.36666666666666,125.06666666666666,5.425,127.95,3.566666666666667,1
Nature_in_the_city_s028,13.825,2.290582250000001,112.28333333333332,126.975,3.941666666666667,127.0,1.9416666666666669,1
Park_s000,26.133333333333333,11.105876416666671,115.0,122.0,13.85,129.0,9.0,1
Park_s001,26.0,8.041373583333336,115.0,122.0,13.875,129.0,9.0,1
RaceNight_s000,60.5,27.87378250000001,106.86666666666666,122.0,13.875,126.4,14.575,1
RaceNight_s001,61.68333333333333,38.11104499999998,99.875,122.30833333333334,14.925,127.275,15.616666666666667,0
ReadySetGo_s000,42.525,69.45257416666671,121.78333333333332,124.075,14.533333333333331,127.85833333333332,15.116666666666667,1
ResidentialBuilding_s000,86.925,16.168504333333342,116.94166666666666,121.0,20.3,134.0,29.875,1
ResidentialBuilding_s001,80.675,22.76601583333333,114.325,121.95833333333331,19.316666666666663,134.0,28.0,0
RiverBank_s000,65.53333333333333,15.364425833333325,128.50833333333333,127.0,12.0,125.0,13.0,1
RiverBank_s001,66.81666666666666,16.532276666666665,126.475,127.0,13.041666666666666,125.0,13.0,0
Runners_s000,105.85,22.483714166666672,126.6,122.81666666666666,43.24166666666667,130.0,30.491666666666667,1
Runners_s001,102.78333333333332,26.86364500000001,126.50833333333334,123.025,42.025,130.16666666666666,29.875,1
RushHour_s000,47.75,19.703674166666666,101.65833333333332,127.0,15.05,127.96666666666668,14.333333333333334,1
RushHour_s001,48.25833333333333,18.547158333333325,100.64166666666668,127.0,15.266666666666667,128.0,15.283333333333331,1
Scarf_s000,63.59166666666667,9.9506195,104.46666666666668,125.96666666666668,32.86666666666667,131.95833333333334,31.15,1
Secounds_That_Count_s000,12.041666666666666,10.49088625,100.425,139.29166666666666,8.266666666666667,118.60833333333332,8.041666666666666,1
Secounds_That_Count_s001,19.866666666666667,17.85023708333334,106.15833333333332,138.88333333333333,11.625,120.36666666666666,8.225,1
Secounds_That_Count_s002,9.541666666666666,2.978562521058333,54.30833333333333,130.26666666666668,2.625,126.5,1.9,1
Secounds_That_Count_s003,16.375,0.3606197499999999,47.083333333333336,128.0,1.0,128.0,1.0,1
Secounds_That_Count_s004,17.575,0.8417278999999998,47.56666666666667,128.0,1.0,128.0,1.0,1
Secounds_That_Count_s005,12.216666666666669,1.9894897710583337,92.05833333333334,144.125,10.725,118.175,8.808333333333334,1
Secounds_That_Count_s006,15.516666666666667,6.100895091666667,94.2,126.44166666666666,8.241666666666667,128.91666666666666,8.083333333333334,1
Secounds_That_Count_s007,19.575,8.6490385,83.69166666666666,123.0,6.975,129.1,7.933333333333334,1
Secounds_That_Count_s008,7.408333333333333,9.802879666666666,110.78333333333332,119.66666666666669,4.583333333333333,133.35,3.866666666666666,1
Secounds_That_Count_s009,18.975,9.09861758333334,89.65833333333333,121.225,7.8,130.25,6.825,1
Secounds_That_Count_s010,10.725,8.473877583333332,102.93333333333334,118.5,6.208333333333333,133.725,4.691666666666666,1
Secounds_That_Count_s011,7.725,6.205393333333332,102.30833333333334,120.95,4.158333333333333,133.21666666666667,3.866666666666666,0
Secounds_That_Count_s012,22.35833333333333,5.425271583333336,91.70833333333331,121.46666666666668,8.066666666666666,129.58333333333334,7.666666666666667,0
Secounds_That_Count_s013,17.991666666666667,8.319543750000003,96.03333333333332,120.64166666666668,7.408333333333333,131.11666666666667,6.491666666666666,1
Secounds_That_Count_s014,23.825,3.65647625,90.13333333333334,122.0,8.908333333333333,129.24166666666667,8.033333333333333,1
Secounds_That_Count_s015,12.041666666666666,9.004887083333333,90.55,122.14166666666668,5.775,129.55833333333334,4.333333333333333,0
Secounds_That_Count_s016,13.716666666666669,10.132376916666663,90.94166666666666,123.39166666666668,5.466666666666667,129.425,4.975,1
Secounds_That_Count_s017,16.466666666666665,7.882535083333332,85.575,123.23333333333332,6.541666666666667,128.775,5.366666666666666,1
Secounds_That_Count_s018,18.325,8.604768083333337,91.61666666666666,122.85,6.958333333333333,129.35833333333332,6.3,1
Secounds_That_Count_s019,21.025,8.336671500000001,87.325,122.0,8.241666666666667,129.0,7.258333333333334,1
Secounds_That_Count_s020,20.258333333333333,6.8740574999999975,85.525,125.11666666666666,4.166666666666667,132.23333333333332,8.916666666666666,1
Secounds_That_Count_s021,26.091666666666665,4.554253999999999,94.35,125.95,2.9916666666666667,134.05,10.433333333333334,0
Secounds_That_Count_s022,33.525,30.245820312725,98.16666666666669,125.075,8.666666666666666,125.46666666666668,10.266666666666667,0
Secounds_That_Count_s023,25.175,18.14588283333334,108.36666666666666,126.19166666666666,8.925,124.825,8.5,0
Secounds_That_Count_s024,22.275,9.50172025,119.49166666666666,133.90833333333333,9.683333333333334,116.95,9.55,1
Secounds_That_Count_s025,25.35,8.250293416666668,112.43333333333334,124.56666666666666,14.208333333333334,125.43333333333334,10.483333333333333,1
Secounds_That_Count_s026,24.191666666666663,7.84986075,113.31666666666666,122.46666666666668,12.958333333333334,126.075,8.541666666666666,0
Secounds_That_Count_s027,19.25,14.187721749999996,106.80833333333334,126.51666666666668,8.666666666666666,124.29166666666669,6.008333333333334,0
Secounds_That_Count_s028,24.416666666666668,6.767862749999996,86.9,126.53333333333332,10.333333333333334,125.41666666666669,5.666666666666667,1
Secounds_That_Count_s029,23.45833333333333,16.444931750000006,98.59166666666668,124.98333333333332,9.291666666666666,125.825,4.475,1
Secounds_That_Count_s030,17.983333333333334,10.399392083333334,104.13333333333334,125.66666666666669,6.875,125.16666666666669,4.008333333333334,0
Secounds_That_Count_s031,18.866666666666667,10.37964675,108.65833333333332,126.2,8.841666666666667,124.325,5.175,1
Secounds_That_Count_s032,27.0,6.734391333333336,103.90833333333332,126.74166666666666,12.975,124.0,8.2,1
Secounds_That_Count_s033,22.766666666666666,4.598671499999998,104.79166666666669,123.96666666666668,4.6,137.80833333333334,10.675,1
Secounds_That_Count_s034,28.616666666666667,3.1582983333333337,121.11666666666666,123.03333333333332,3.0,142.95,14.8,1
Secounds_That_Count_s035,7.458333333333333,1.5222436877249996,52.95,127.45,1.1333333333333333,129.325,1.9666666666666663,1
Secounds_That_Count_s036,13.733333333333333,0.1954625583333332,46.74166666666667,128.0,1.0,128.0,1.0,0
Secounds_That_Count_s037,19.25,17.89445091666666,96.79166666666669,126.09166666666668,7.708333333333333,129.125,9.975,0
Secounds_That_Count_s038,22.60833333333333,22.173483250000004,106.65833333333332,120.44166666666666,8.758333333333333,131.71666666666667,8.883333333333333,0
Secounds_That_Count_s039,15.016666666666667,12.597168583333334,107.00833333333334,122.83333333333331,7.083333333333333,129.24166666666667,7.1,1
Secounds_That_Count_s040,26.125,5.741899833333334,110.525,129.00833333333333,10.308333333333334,125.36666666666666,10.941666666666666,1
Secounds_That_Count_s041,28.7,8.649579416666667,116.44166666666666,128.50833333333333,12.0,127.0,15.375,1
Secounds_That_Count_s042,13.825,20.202311333333338,117.55,119.175,7.791666666666667,131.08333333333334,6.458333333333333,1
Secounds_That_Count_s043,16.95,17.664703333333325,118.44166666666666,123.6,8.05,126.5,6.15,1
Secounds_That_Count_s044,25.041666666666668,6.472788916666668,118.64166666666668,127.4,9.591666666666669,124.0,7.516666666666667,1
Secounds_That_Count_s045,26.90833333333333,2.787183999999999,118.75,126.975,9.95,124.10833333333332,8.066666666666666,0
Secounds_That_Count_s046,27.85,4.803253583333332,97.31666666666666,124.75833333333334,4.016666666666667,136.45833333333334,17.208333333333332,1
Secounds_That_Count_s047,26.641666666666666,9.964062416666671,94.075,125.0,4.0,135.625,15.558333333333334,0
Secounds_That_Count_s048,5.75,2.2596057166666665,54.18333333333333,126.50833333333334,2.408333333333333,129.50833333333333,7.85,1
Secounds_That_Count_s049,6.475,0.25153391,45.90833333333333,127.0,1.8666666666666667,128.0,5.558333333333334,1
Secounds_That_Count_s050,6.716666666666667,1.527190058333333,46.516666666666666,127.86666666666666,1.1166666666666667,128.01666666666668,1.1,0
Secounds_That_Count_s051,20.316666666666663,9.593709916666658,96.975,121.95,8.741666666666667,129.75,7.758333333333334,1
Secounds_That_Count_s052,27.433333333333334,5.3566892500000005,104.85,121.975,11.2,129.5,10.0,1
Secounds_That_Count_s053,28.041666666666668,5.603143500000003,99.30833333333334,126.89166666666668,13.816666666666666,126.01666666666668,9.925,1
Secounds_That_Count_s054,7.158333333333333,1.280305916666667,48.575,127.88333333333334,1.5,127.88333333333334,1.325,1
Secounds_That_Count_s055,8.975,1.932459553558333,45.99166666666667,128.0,1.0,128.0,1.0,1
Secounds_That_Count_s056,40.0,0.0,49.0,128.0,1.0,128.0,1.0,1
Secounds_That_Count_s057,40.0,0.0,49.0,128.0,1.0,128.0,1.0,1
Secounds_That_Count_s058,49.516666666666666,3.1937085258333324,50.61666666666667,128.0,1.0,128.0,1.0,1
Secounds_That_Count_s059,54.0,0.0,51.0,128.0,1.0,128.0,1.0,1
Secounds_That_Count_s060,47.85,3.0154129833333325,50.50833333333333,128.0,1.2166666666666666,127.6,1.1583333333333334,1
Secounds_That_Count_s061,34.0,0.0,49.0,128.0,2.0,127.0,2.0,1
Secounds_That_Count_s062,27.058333333333334,1.5094642733333334,48.141666666666666,128.0,1.7333333333333334,127.08333333333331,1.675,1
Secounds_That_Count_s063,6.516666666666667,0.188108,45.0,128.0,1.0,128.0,1.0,1
Skateboarding_s000,16.616666666666667,3.8477028333333343,95.25,124.60833333333332,6.8,129.64166666666668,5.308333333333334,1
Skateboarding_s001,27.40833333333333,5.381293583333332,107.36666666666666,123.75,14.15,129.95,9.008333333333333,0
Skateboarding_s002,27.216666666666665,8.664096333333331,125.50833333333334,124.00833333333334,32.19166666666667,128.0,6.241666666666666,1
Skateboarding_s003,58.708333333333336,21.077483,116.625,125.075,52.7,128.59166666666667,7.791666666666667,1
Skateboarding_s004,21.70833333333333,9.810103833333333,110.94166666666666,124.79166666666669,20.425,131.975,7.0,1
Skateboarding_s005,24.641666666666666,8.797092416666665,84.825,125.59166666666668,13.483333333333333,130.08333333333334,5.108333333333333,1
Skateboarding_s006,52.69166666666667,3.953675,73.65,123.775,13.883333333333333,129.79166666666666,10.091666666666669,0
Skateboarding_s007,45.65,34.486145000000015,124.31666666666666,115.18333333333334,31.275,132.08333333333334,16.708333333333332,1
Skateboarding_s008,50.725,40.71654266666665,123.16666666666669,114.29166666666669,33.13333333333333,133.3,16.316666666666666,1
Skateboarding_s009,69.95833333333333,16.174867499999998,113.33333333333331,119.0,30.0,131.13333333333333,23.0,1
Skateboarding_s010,66.70833333333333,26.69446916666666,101.41666666666669,120.94166666666666,17.775,131.38333333333333,11.825,1
Skateboarding_s011,42.99166666666667,21.21555733333332,110.275,120.05833333333334,19.491666666666667,130.71666666666667,8.408333333333333,1
Skateboarding_s012,49.766666666666666,27.43745916666667,98.98333333333332,120.575,13.85,131.93333333333334,7.941666666666666,1
Skateboarding_s013,47.23333333333333,49.03932250000001,111.68333333333334,122.675,14.108333333333333,128.675,8.725,1
Skateboarding_s014,51.825,46.330704999999966,91.33333333333331,123.35,13.266666666666667,128.49166666666667,8.333333333333334,0
Skateboarding_s015,59.5,48.85716916666669,100.025,120.50833333333334,19.891666666666666,130.98333333333332,14.15,1
Skateboarding_s016,49.45,58.75295633333334,109.225,122.20833333333331,19.466666666666665,130.21666666666667,15.108333333333333,1
Skateboarding_s017,25.125,6.1962933333333385,111.34166666666668,126.0,9.3,128.3,6.608333333333333,1
Skateboarding_s018,26.941666666666663,6.810150833333336,109.54166666666669,125.39166666666668,9.858333333333333,128.95833333333334,6.708333333333333,1
Skateboarding_s019,37.90833333333333,9.429139500000003,106.40833333333332,127.5,12.308333333333334,127.49166666666666,7.8,0
Skateboarding_s020,24.375,15.404119166666662,104.75833333333334,128.525,8.866666666666667,126.90833333333332,6.066666666666666,1
Skateboarding_s021,31.516666666666666,14.935005,115.89166666666668,126.49166666666666,16.366666666666667,127.15833333333332,7.725,1
Skateboarding_s022,25.216666666666665,28.304002166666645,107.20833333333331,123.69166666666666,16.558333333333334,127.59166666666668,7.575,0
Skateboarding_s023,18.766666666666666,9.124390250000005,106.65833333333332,128.125,7.0,125.0,5.0,1
Skateboarding_s024,19.525,14.429425083333337,100.45833333333331,127.51666666666668,7.733333333333333,125.96666666666668,5.291666666666667,1
Skateboarding_s025,21.058333333333334,19.36584666666668,96.93333333333334,128.0,8.833333333333334,125.89166666666668,5.908333333333333,1
Skateboarding_s026,20.40833333333333,13.507318333333334,96.675,128.0,7.0,125.85833333333332,5.0,0
Skateboarding_s027,21.383333333333333,17.965980833333333,98.04166666666669,126.375,8.95,126.98333333333332,5.841666666666667,1
Skateboarding_s028,23.3,18.173306666666672,98.00833333333334,126.475,8.933333333333334,126.64166666666668,5.725,1
Skateboarding_s029,16.941666666666666,15.90351833333333,96.94166666666666,127.90833333333332,6.241666666666666,125.70833333333331,4.366666666666666,1
Skateboarding_s030,19.98333333333333,24.57135083333333,90.775,129.125,15.191666666666666,124.85,7.15,1
Skateboarding_s031,17.058333333333334,24.827784166666664,97.45833333333331,127.8,12.991666666666667,125.3,6.283333333333333,1
Skateboarding_s032,40.525,9.839173166666669,100.425,122.53333333333332,12.266666666666667,128.80833333333334,8.341666666666667,1
Skateboarding_s033,48.35833333333333,7.462598333333338,109.34166666666668,123.55833333333334,14.05,128.76666666666668,9.766666666666667,1
Skateboarding_s034,34.4,8.741595666666665,112.11666666666666,126.21666666666668,14.408333333333331,128.20833333333334,8.4,1
Skateboarding_s035,34.13333333333333,7.587438916666665,111.0,126.0,13.833333333333334,128.0,8.041666666666666,1
Skateboarding_s036,32.075,9.819116749999996,111.15833333333332,126.34166666666668,13.591666666666669,128.6,8.816666666666666,1
Skateboarding_s037,27.016666666666666,7.512828916666665,105.25,126.925,11.208333333333334,129.0,9.008333333333333,1
Skateboarding_s038,32.266666666666666,6.7824529166666645,111.41666666666669,127.0,13.208333333333334,128.625,9.0,1
Skateboarding_s039,40.73333333333333,4.737106416666666,116.0,127.0,16.658333333333335,128.0,9.0,1
Skateboarding_s040,35.50833333333333,9.786554,112.825,126.45833333333331,14.1,128.0,8.158333333333333,1
Skateboarding_s041,40.575,10.466626499999997,109.24166666666666,125.275,14.266666666666667,128.275,8.633333333333333,0
Skateboarding_s042,51.80833333333333,7.623171999999999,108.64166666666668,122.01666666666668,13.7,129.0,10.0,1
Skateboarding_s043,52.05,12.877505583333344,96.95,129.775,17.691666666666666,127.14166666666668,12.133333333333333,1
Skateboarding_s044,10.741666666666667,4.065354083333332,91.73333333333332,134.20833333333334,8.208333333333334,127.825,6.125,1
Skateboarding_s045,9.608333333333333,2.851217833333332,88.85,131.0,6.441666666666666,129.11666666666667,7.075,1
Skateboarding_s046,9.083333333333334,3.8175547499999984,82.675,131.0,6.091666666666667,127.38333333333334,6.133333333333334,1
Skateboarding_s047,7.95,2.8131660833333334,76.78333333333333,130.675,5.825,125.675,4.366666666666666,1
Skateboarding_s048,6.95,3.1725924166666664,62.458333333333336,128.05833333333334,6.941666666666666,125.0,3.933333333333333,0
Skateboarding_s049,7.108333333333333,3.802210583333333,57.50833333333333,127.98333333333332,5.291666666666667,125.80833333333334,3.05,1
Skateboarding_s050,48.90833333333333,0.8495163333333334,49.94166666666667,128.0,1.0,128.0,1.0,1
Skateboarding_s051,33.025,3.185164633333333,48.425,128.0,1.1166666666666667,127.7,1.0583333333333331,1
Skateboarding_s052,26.0,0.0,48.0,128.0,2.0,127.0,2.0,1
Skateboarding_s053,14.641666666666667,1.3695170783333332,46.46666666666667,128.0,1.4416666666666669,127.375,1.3833333333333333,1
Skateboarding_s054,6.408333333333333,0.2176417691666666,45.0,128.0,1.0,128.0,1.0,1
TallBuildings_s000,94.53333333333332,11.102366000000009,117.00833333333334,125.98333333333332,19.0,127.0,25.0,1
TallBuildings_s001,94.14166666666668,14.367014166666662,118.325,125.0,19.0,127.95833333333331,25.0,1
TrafficAndBuilding_s000,61.025,10.217555250000002,122.0,132.0,17.0,122.99166666666666,18.991666666666667,0
TrafficAndBuilding_s001,60.03333333333333,8.593035833333333,122.0,132.0,16.591666666666665,122.95,18.308333333333334,0
TrafficFlow_s000,59.65833333333333,18.59850916666667,109.39166666666668,127.0,14.525,128.0,15.916666666666666,1
TrafficFlow_s001,58.18333333333333,17.080342499999993,108.225,127.51666666666668,13.908333333333331,128.0,15.125,1
TreeShade_s000,80.1,9.808349916666662,77.625,124.0,35.0,126.0,21.0,1
Unspoken_Friend_s000,15.016666666666667,4.748787082500001,96.40833333333332,128.84166666666667,7.175,125.59166666666668,4.941666666666666,1
Unspoken_Friend_s001,22.741666666666667,13.056252083333328,113.96666666666668,132.0,16.966666666666665,123.81666666666666,11.975,0
Unspoken_Friend_s002,41.00833333333333,7.63080408333333,110.75,129.3,15.675,127.725,12.041666666666666,1
Unspoken_Friend_s003,20.633333333333333,16.76789925,97.26666666666668,127.99166666666666,15.758333333333333,127.78333333333332,8.091666666666667,1
Unspoken_Friend_s004,21.5,8.217505583333331,109.78333333333332,136.36666666666667,14.725,121.56666666666666,9.033333333333331,1
Unspoken_Friend_s005,22.48333333333333,3.51253875,104.225,128.28333333333333,14.533333333333331,126.15,8.533333333333333,1
Unspoken_Friend_s006,23.266666666666666,9.67804525,110.74166666666666,121.25833333333334,17.758333333333333,126.35,12.075,1
Unspoken_Friend_s007,17.425,9.297427666666666,123.425,120.33333333333331,12.616666666666667,127.96666666666668,8.375,1
Unspoken_Friend_s008,30.55,20.77408,114.05,126.5,17.591666666666665,127.43333333333334,11.658333333333331,1
Unspoken_Friend_s009,27.166666666666668,14.755603083333336,115.525,125.13333333333334,13.741666666666667,129.13333333333333,9.108333333333333,1
Unspoken_Friend_s010,21.65,10.002252499999996,113.825,125.15,10.091666666666669,129.98333333333332,7.733333333333333,1
Unspoken_Friend_s011,12.1,7.0045090000000005,104.65833333333332,138.125,8.333333333333334,121.94166666666666,6.141666666666667,1
Unspoken_Friend_s012,12.083333333333334,6.69325725,104.275,139.06666666666666,7.666666666666667,121.36666666666666,6.116666666666666,1
Unspoken_Friend_s013,16.108333333333334,25.578347750000013,123.89166666666668,120.6,9.591666666666669,129.4,7.241666666666666,1
Unspoken_Friend_s014,14.1,11.542189583333329,109.51666666666668,123.0,7.991666666666666,131.65,7.1,1
Unspoken_Friend_s015,18.066666666666663,16.94287666666667,115.63333333333334,123.53333333333332,8.883333333333333,128.88333333333333,6.75,1
Unspoken_Friend_s016,15.325,14.275935833333332,130.1,126.3,7.616666666666666,126.875,5.725,1
Unspoken_Friend_s017,19.20833333333333,14.878546666666663,126.45833333333331,126.08333333333331,8.825,127.225,6.225,1
Unspoken_Friend_s018,28.691666666666663,12.803980583333336,122.31666666666666,126.075,12.366666666666667,127.625,8.716666666666667,1
Unspoken_Friend_s019,24.041666666666668,9.238750583333331,128.28333333333333,131.18333333333334,13.266666666666667,124.29166666666669,10.875,0
Unspoken_Friend_s020,28.65833333333333,14.453644166666663,116.725,125.84166666666668,12.5,128.0,8.916666666666666,1
Unspoken_Friend_s021,17.591666666666665,17.165302499999996,120.15,124.15833333333332,8.508333333333333,128.83333333333334,6.225,1
Unspoken_Friend_s022,13.841666666666669,17.128460833333335,112.0,123.55,7.166666666666667,129.88333333333333,5.691666666666666,0
Unspoken_Friend_s023,12.341666666666669,13.09909316666667,77.875,126.44166666666666,6.933333333333334,127.96666666666668,5.5,0
Unspoken_Friend_s025,19.65,19.82426683333334,126.54166666666669,123.98333333333332,9.533333333333331,126.15833333333332,7.725,1
Unspoken_Friend_s026,16.333333333333332,9.410144166666669,97.81666666666666,122.1,6.416666666666667,130.54166666666666,4.666666666666667,1
Unspoken_Friend_s027,21.6,17.8166375,116.225,120.0,10.866666666666667,132.04166666666666,7.583333333333333,1
Unspoken_Friend_s028,21.325,18.509443333333326,119.175,119.68333333333334,11.0,132.0,7.083333333333333,1
Unspoken_Friend_s029,21.166666666666668,19.87860333333333,119.81666666666666,119.96666666666668,10.933333333333334,132.09166666666667,7.933333333333334,1
Unspoken_Friend_s030,27.883333333333333,18.604825000000005,110.34166666666668,120.38333333333334,13.516666666666667,132.0,7.85,1
Unspoken_Friend_s031,42.18333333333333,16.417419833333334,101.71666666666668,121.08333333333331,18.016666666666666,131.56666666666666,9.125,1
Unspoken_Friend_s032,30.825,20.693790833333328,100.01666666666668,121.73333333333332,13.95,131.09166666666667,7.45,1
Unspoken_Friend_s033,25.141666666666666,19.482629166666666,102.24166666666666,121.19166666666666,11.85,131.25833333333333,6.683333333333334,1
Unspoken_Friend_s034,13.908333333333331,9.737814750000004,113.09166666666668,120.55,8.55,131.16666666666666,5.291666666666667,1
Unspoken_Friend_s035,16.975,9.243141,117.13333333333334,121.0,8.991666666666667,130.075,6.716666666666667,1
Unspoken_Friend_s036,16.5,9.1173235,118.06666666666666,120.975,8.925,130.2,6.733333333333333,1
Unspoken_Friend_s037,22.73333333333333,9.810509750000003,120.66666666666669,121.64166666666668,10.591666666666669,131.28333333333333,8.391666666666667,1
Unspoken_Friend_s038,19.241666666666667,8.421678416666666,104.45,128.14166666666668,10.9,125.9,9.433333333333334,1
Unspoken_Friend_s039,26.40833333333333,8.412505666666666,99.43333333333334,133.83333333333334,30.766666666666666,123.19166666666666,16.733333333333334,1
Unspoken_Friend_s040,30.85,9.629410750000003,100.35,134.175,37.69166666666667,122.9,19.716666666666665,1
Unspoken_Friend_s041,22.70833333333333,7.968762666666666,100.0,135.0,20.275,122.0,11.241666666666667,1
Unspoken_Friend_s042,23.041666666666668,8.025472416666668,100.64166666666668,135.0,20.433333333333334,122.3,11.233333333333333,1
Unspoken_Friend_s043,23.35833333333333,7.984337583333332,101.0,134.88333333333333,20.566666666666663,122.99166666666666,11.216666666666669,1
Unspoken_Friend_s044,27.20833333333333,14.770053666666664,100.31666666666666,125.2,19.25,129.88333333333333,11.633333333333333,1
Unspoken_Friend_s045,16.391666666666666,5.504088604391666,57.125,127.41666666666669,3.966666666666667,128.28333333333333,2.7416666666666667,1
Unspoken_Friend_s046,47.0,0.0,50.0,128.0,1.0,128.0,1.0,1
Unspoken_Friend_s047,44.2,2.690117666666666,49.891666666666666,128.0,1.125,127.69166666666666,1.075,1
Unspoken_Friend_s048,36.0,0.0,49.0,128.0,2.0,127.0,2.0,1
Unspoken_Friend_s049,29.725,1.5361036450000003,48.31666666666667,128.0,1.7666666666666666,127.05,1.7166666666666666,1
Wood_s000,124.725,47.03177033333331,119.575,126.0,31.225,130.0,39.81666666666667,1
Wood_s001,103.54166666666669,84.97953000000001,117.4,126.0,26.633333333333333,130.0,33.275,1
YachtRide_s000,36.125,42.05948083333335,140.49166666666667,132.0,11.55,122.80833333333334,13.966666666666669,1
